,City,Country,Latitude,Longitude,Cloudiness,Humidity,Max Temperature,Wind Speed,Pressure,Date,dt
0,Biak,ID,-0.9131,122.8766,51,82,76.84,0.67,1010,2021-10-16,1634417397
1,Moose Factory,CA,51.2585,-80.6094,75,71,55.4,0.0,1001,2021-10-16,1634417398
2,Butaritari,KI,3.0707,172.7902,33,70,81.5,15.48,1013,2021-10-16,1634417398
3,Vaini,TO,-21.2,-175.2,75,83,77.16,9.22,1019,2021-10-16,1634417398
4,Rikitea,PF,-23.1203,-134.9692,19,79,75.16,10.2,1022,2021-10-16,1634417399
5,Arraial do Cabo,BR,-22.9661,-42.0278,75,88,76.96,3.44,1013,2021-10-16,1634417399
6,Norman Wells,CA,65.282,-126.8329,75,86,28.44,14.97,1012,2021-10-16,1634417399
7,New Norfolk,AU,-42.7826,147.0587,96,70,48.88,1.99,1008,2021-10-16,1634417400
8,Albany,US,42.6001,-73.9662,70,90,75.15,6.69,1001,2021-10-16,1634417226
9,Dikson,RU,73.5069,80.5464,100,98,30.76,12.1,1002,2021-10-16,1634417400
10,Mataura,NZ,-46.1927,168.8643,28,57,55.35,4.85,996,2021-10-16,1634417401
11,Busselton,AU,-33.65,115.3333,100,72,59.04,5.77,1009,2021-10-16,1634417401
12,Chokurdakh,RU,70.6333,147.9167,97,100,-6.07,4.0,1025,2021-10-16,1634417401
13,Natchez,US,31.5604,-91.4032,1,29,73.26,12.66,1022,2021-10-16,1634417402
14,Oktyabr'skiy,RU,54.4815,53.471,53,58,38.82,5.97,1022,2021-10-16,1634417403
15,Provideniya,RU,64.3833,-173.3,100,89,29.1,19.19,1004,2021-10-16,1634417404
16,Nikolskoye,RU,59.7035,30.7861,100,72,43.88,11.72,1000,2021-10-16,1634417404
17,Port Macquarie,AU,-31.4333,152.9167,3,76,63.37,8.05,1013,2021-10-16,1634417405
18,Gisborne,NZ,-38.6533,178.0042,100,55,61.95,8.81,1021,2021-10-16,1634417406
19,Mt. Pleasant,US,32.7941,-79.8626,20,76,88.09,4.0,1009,2021-10-16,1634417406
20,Hasaki,JP,35.7333,140.8333,50,86,68.4,10.18,1007,2021-10-16,1634417407
21,Ahipara,NZ,-35.1667,173.1667,100,83,61.84,15.93,1019,2021-10-16,1634417407
22,Clyde River,CA,70.4692,-68.5914,75,100,28.63,8.05,1026,2021-10-16,1634417276
23,Souillac,MU,-20.5167,57.5167,40,68,73.78,13.8,1020,2021-10-16,1634417407
24,Hilo,US,19.7297,-155.09,90,85,77.11,4.61,1019,2021-10-16,1634417408
25,Punta Arenas,CL,-53.15,-70.9167,40,53,44.71,28.77,1005,2021-10-16,1634417408
26,Mehamn,NO,71.0357,27.8492,100,97,37.81,27.0,991,2021-10-16,1634417408
27,Coquimbo,CL,-29.9533,-71.3436,0,63,62.33,14.97,1019,2021-10-16,1634417336
28,Port Elizabeth,ZA,-33.918,25.5701,75,71,55.69,16.11,1019,2021-10-16,1634417325
29,Alyangula,AU,-13.8483,136.4192,93,100,71.47,3.44,1009,2021-10-16,1634417409
30,Piaçabuçu,BR,-10.4056,-36.4344,98,84,77.36,10.33,1014,2021-10-16,1634417409
31,De-Kastri,RU,51.4667,140.7833,100,94,33.31,24.52,992,2021-10-16,1634417410
32,Saldanha,ZA,-33.0117,17.9442,85,56,55.45,14.99,1024,2021-10-16,1634417411
33,Gamba,GA,-2.65,10.0,96,86,76.91,6.98,1013,2021-10-16,1634417411
34,Andenes,NO,69.3143,16.1194,40,81,39.18,13.8,996,2021-10-16,1634417411
35,Badiraguato,MX,25.3667,-107.5167,98,41,93.7,4.9,1011,2021-10-16,1634417411
36,Upernavik,GL,72.7868,-56.1549,40,52,20.5,6.17,1029,2021-10-16,1634417412
37,Hermanus,ZA,-34.4187,19.2345,100,67,53.91,14.63,1023,2021-10-16,1634417412
38,Ponta do Sol,PT,32.6667,-17.1,74,60,73.71,4.05,1020,2021-10-16,1634417413
39,Cape Town,ZA,-33.9258,18.4232,20,60,54.12,1.01,1024,2021-10-16,1634417376
40,Ozernovskiy,RU,51.5,156.5167,39,62,37.9,4.52,1014,2021-10-16,1634417413
41,Husavik,IS,66.0449,-17.3389,96,79,33.71,5.26,1020,2021-10-16,1634417413
42,East London,ZA,-33.0153,27.9116,22,62,58.53,23.69,1019,2021-10-16,1634417414
43,George Town,MY,5.4112,100.3354,20,87,81.9,3.0,1007,2021-10-16,1634417414
44,Cidreira,BR,-30.1811,-50.2056,100,78,62.2,13.13,1020,2021-10-16,1634417414
45,Klaksvík,FO,62.2266,-6.589,99,64,41.92,6.46,1015,2021-10-16,1634417414
46,Abnūb,EG,27.2696,31.1511,4,18,81.37,9.37,1015,2021-10-16,1634417415
47,Cabo San Lucas,MX,22.8909,-109.9124,22,66,91.62,4.29,1012,2021-10-16,1634417415
48,Avarua,CK,-21.2078,-159.775,75,78,80.65,11.5,1017,2021-10-16,1634417415
49,Khatanga,RU,71.9667,102.5,100,94,14.99,7.54,1017,2021-10-16,1634417416
50,Bengkulu,ID,-3.8004,102.2655,100,86,76.89,4.0,1008,2021-10-16,1634417416
51,Kapaa,US,22.0752,-159.319,20,74,81.19,4.0,1020,2021-10-16,1634417416
52,Faya,SA,18.3851,42.4509,10,21,66.31,6.62,1016,2021-10-16,1634417417
53,Lebu,CL,-37.6167,-73.65,100,76,54.16,14.56,1026,2021-10-16,1634417289
54,Lompoc,US,34.6391,-120.4579,1,10,88.79,9.22,1014,2021-10-16,1634417417
55,Celestún,MX,20.8667,-90.4,98,68,84.29,12.26,1012,2021-10-16,1634417417
56,Chālūs,IR,36.655,51.4204,75,82,65.66,0.0,1013,2021-10-16,1634417418
57,Mount Gambier,AU,-37.8333,140.7667,90,100,46.31,4.61,1014,2021-10-16,1634417418
58,Sakaiminato,JP,35.55,133.2333,75,82,62.58,13.8,1015,2021-10-16,1634417418
59,Grand Gaube,MU,-20.0064,57.6608,39,76,73.8,8.01,1019,2021-10-16,1634417419
60,At-Bashi,KG,41.1702,75.8106,67,43,38.66,3.29,1023,2021-10-16,1634417419
61,Cayenne,GF,4.9333,-52.3333,97,80,86.04,4.0,1010,2021-10-16,1634417419
62,Katima Mulilo,NA,-17.5,24.2667,48,14,78.42,2.98,1005,2021-10-16,1634417420
63,Olafsvik,IS,64.8945,-23.7142,100,72,37.71,18.61,1015,2021-10-16,1634417420
64,Ushuaia,AR,-54.8,-68.3,40,75,35.26,32.21,999,2021-10-16,1634417420
65,Chui,UY,-33.6971,-53.4616,25,61,55.49,8.05,1023,2021-10-16,1634417421
66,Tigzirt,DZ,36.8886,4.1198,48,57,65.64,3.85,1018,2021-10-16,1634417421
67,Dunedin,NZ,-45.8742,170.5036,100,75,53.8,14.0,995,2021-10-16,1634417421
68,Hithadhoo,MV,-0.6,73.0833,95,69,82.85,18.34,1007,2021-10-16,1634417422
69,Saskylakh,RU,71.9167,114.0833,98,99,-0.99,5.3,1019,2021-10-16,1634417422
70,Laguna,US,38.421,-121.4238,1,25,85.87,1.99,1015,2021-10-16,1634417422
71,Bereda,ES,43.2686,-7.5406,100,94,61.0,4.03,1017,2021-10-16,1634417422
72,Talnakh,RU,69.4865,88.3972,100,95,28.63,15.41,1013,2021-10-16,1634417423
73,Barrow,US,71.2906,-156.7887,90,79,21.22,12.66,1012,2021-10-16,1634417423
74,Léo,BF,11.1,-2.1,60,34,82.94,5.1,1010,2021-10-16,1634417423
75,Jamestown,US,42.097,-79.2353,75,67,57.02,8.01,1008,2021-10-16,1634417424
76,Hornepayne,CA,49.2138,-84.7705,100,82,44.28,8.68,1006,2021-10-16,1634417424
77,Kidal,ML,18.4411,1.4078,6,10,87.39,10.38,1012,2021-10-16,1634417424
78,Jiuquan,CN,39.7432,98.5174,0,37,38.3,6.8,1023,2021-10-16,1634417425
79,Balāngīr,IN,20.7167,83.4833,99,93,75.76,3.56,1003,2021-10-16,1634417425
80,Hofn,IS,64.2539,-15.2082,100,73,35.78,11.59,1018,2021-10-16,1634417425
81,Vilhena,BR,-12.7406,-60.1458,75,83,77.22,3.44,1013,2021-10-16,1634417426
82,Grindavik,IS,63.8424,-22.4338,75,87,39.15,10.36,1013,2021-10-16,1634417426
83,Kahului,US,20.8947,-156.47,40,77,78.82,17.27,1018,2021-10-16,1634417427
84,Yerbogachën,RU,61.2767,108.0108,38,86,21.96,8.1,1023,2021-10-16,1634417427
85,Castro,BR,-24.7911,-50.0119,91,77,69.22,2.89,1013,2021-10-16,1634417427
86,Raahe,FI,64.6833,24.4833,100,97,39.29,22.97,985,2021-10-16,1634417428
87,Tessalit,ML,20.1986,1.0114,0,10,86.52,9.51,1012,2021-10-16,1634417428
88,Muisne,EC,0.6,-80.0333,71,77,80.71,9.78,1010,2021-10-16,1634417428
89,Manzhouli,CN,49.6,117.4333,74,81,20.79,6.04,1022,2021-10-16,1634417429
90,Kysyl-Syr,RU,63.8986,122.7617,42,95,9.77,3.44,1019,2021-10-16,1634417429
91,Narsaq,GL,60.9167,-46.05,15,56,36.27,5.48,1015,2021-10-16,1634417429
92,Arona,ES,28.0996,-16.681,0,81,71.53,2.3,1016,2021-10-16,1634417430
93,Lavrentiya,RU,65.5833,-171.0,82,89,28.18,15.12,1008,2021-10-16,1634417430
94,Sur,OM,22.5667,59.5289,0,65,79.88,3.65,1007,2021-10-16,1634417430
95,Koshurnikovo,RU,54.1667,93.3,2,85,24.89,3.24,1030,2021-10-16,1634417431
96,Faanui,PF,-16.4833,-151.75,94,70,80.56,19.8,1016,2021-10-16,1634417431
97,Tigil',RU,57.8,158.6667,76,91,24.55,5.5,1013,2021-10-16,1634417431
98,Mahébourg,MU,-20.4081,57.7,40,68,73.69,13.8,1020,2021-10-16,1634417431
99,Sakhipur,BD,24.3,90.1833,100,91,82.27,4.41,1005,2021-10-16,1634417432
100,Peniche,PT,39.3558,-9.3811,100,93,67.08,4.83,1018,2021-10-16,1634417432
101,Belokurikha,RU,51.9959,84.9896,72,64,40.05,4.52,1025,2021-10-16,1634417432
102,Mar del Plata,AR,-38.0023,-57.5575,0,30,68.02,16.11,1018,2021-10-16,1634417433
103,Phan Thiet,VN,10.9333,108.1,100,87,76.35,5.73,1007,2021-10-16,1634417399
104,Tuktoyaktuk,CA,69.4541,-133.0374,90,86,26.6,2.3,1015,2021-10-16,1634417433
105,Petropavlovsk-Kamchatskiy,RU,53.0452,158.6483,0,41,36.19,13.42,1011,2021-10-16,1634417433
106,Palmer,US,42.1584,-72.3287,6,63,74.28,3.0,1003,2021-10-16,1634417434
107,Santa Rosa,PH,14.3122,121.1114,77,89,80.58,4.14,1010,2021-10-16,1634417434
108,Hobart,AU,-42.8794,147.3294,75,80,49.23,5.75,1005,2021-10-16,1634417248
109,Yuci,CN,37.6803,112.7319,0,80,31.75,2.24,1033,2021-10-16,1634417434
110,Hong Kong,HK,22.2855,114.1577,50,79,75.33,8.99,1019,2021-10-16,1634417408
111,Kruisfontein,ZA,-34.0033,24.7314,100,60,51.89,19.48,1020,2021-10-16,1634417435
112,Cherskiy,RU,68.75,161.3,71,100,-16.04,4.07,1020,2021-10-16,1634417435
113,Matara,LK,5.9485,80.5353,92,87,78.31,14.34,1006,2021-10-16,1634417435
114,Puerto Ayora,EC,-0.7393,-90.3518,95,85,78.76,8.01,1012,2021-10-16,1634417436
115,Longyearbyen,SJ,78.2186,15.6401,75,54,24.64,10.36,1017,2021-10-16,1634417316
116,Thoen,TH,17.6129,99.2161,100,99,73.09,1.52,1011,2021-10-16,1634417436
117,Kavieng,PG,-2.5744,150.7967,77,69,83.95,13.04,1012,2021-10-16,1634417436
118,Vanimo,PG,-2.6741,141.3028,83,89,78.1,5.01,1012,2021-10-16,1634417437
119,Haines Junction,CA,60.7522,-137.5108,16,69,28.35,1.14,1015,2021-10-16,1634417437
120,Caculé,BR,-14.5033,-42.2222,100,38,82.31,3.91,1012,2021-10-16,1634417437
121,Falmouth,GB,50.1544,-5.0711,20,100,56.79,6.91,1016,2021-10-16,1634417438
122,Klyuchi,RU,52.2667,79.1667,24,63,37.62,3.09,1025,2021-10-16,1634417438
123,Bocaiúva,BR,-17.1078,-43.815,98,58,85.71,5.48,1012,2021-10-16,1634417438
124,Port Hardy,CA,50.6996,-127.4199,90,100,48.38,3.44,1008,2021-10-16,1634417439
125,Beloha,MG,-25.1667,45.05,1,66,72.7,7.16,1012,2021-10-16,1634417439
126,Tiksi,RU,71.6872,128.8694,91,92,7.92,5.66,1020,2021-10-16,1634417439
127,Mayo,US,38.8876,-76.5119,90,88,66.94,15.01,1001,2021-10-16,1634417440
128,North Platte,US,41.1239,-100.7654,1,30,68.02,5.99,1024,2021-10-16,1634417430
129,Lakeway,US,30.3638,-97.9796,46,34,74.75,1.01,1025,2021-10-16,1634417440
130,Malinovoye Ozero,RU,51.6753,79.7825,41,65,38.59,3.27,1025,2021-10-16,1634417440
131,Saint Paul Harbor,US,57.79,-152.4072,1,49,42.31,3.44,1013,2021-10-16,1634417441
132,Alice Springs,AU,-23.7,133.8833,2,34,62.15,4.61,1014,2021-10-16,1634417441
133,Great Yarmouth,GB,52.6083,1.7305,100,83,55.24,10.49,1019,2021-10-16,1634417441
134,Tsaratanana,MG,-16.7833,47.65,0,67,68.74,10.63,1016,2021-10-16,1634417442
135,Tilichiki,RU,60.4667,166.1,100,70,15.26,10.89,1004,2021-10-16,1634417442
136,Beringovskiy,RU,63.05,179.3167,100,75,33.24,32.57,999,2021-10-16,1634417442
137,Kang,BW,-23.6752,22.7876,0,16,62.51,17.13,1014,2021-10-16,1634417443
138,Codrington,AU,-38.2667,141.9667,100,88,50.68,6.49,1015,2021-10-16,1634417443
139,Atuona,PF,-9.8,-139.0333,23,78,77.83,18.97,1015,2021-10-16,1634417443
140,Puerto del Rosario,ES,28.5004,-13.8627,20,88,73.15,8.05,1017,2021-10-16,1634417443
141,Morondava,MG,-20.2833,44.2833,0,84,76.1,4.43,1014,2021-10-16,1634417444
142,Port Alfred,ZA,-33.5906,26.891,38,57,58.51,26.8,1019,2021-10-16,1634417444
143,Puerto Escondido,MX,15.85,-97.0667,18,66,86.18,6.02,1010,2021-10-16,1634417444
144,Camacha,PT,33.0833,-16.3333,20,78,67.42,6.91,1019,2021-10-16,1634417445
145,Esim,GH,4.8699,-2.2405,5,85,79.5,9.46,1012,2021-10-16,1634417445
146,Yellowknife,CA,62.456,-114.3525,90,100,39.42,10.36,1007,2021-10-16,1634417163
147,Esperance,AU,-33.8667,121.9,0,88,55.24,8.19,1007,2021-10-16,1634417445
148,Okhotsk,RU,59.3833,143.3,12,74,15.21,9.06,1015,2021-10-16,1634417446
149,Ossora,RU,59.2353,163.0719,100,78,27.07,9.6,1006,2021-10-16,1634417446
150,Minzhu,CN,43.7286,127.3447,0,45,24.17,5.23,1029,2021-10-16,1634417446
151,Saint-Philippe,RE,-21.3585,55.7679,40,76,72.95,16.78,1021,2021-10-16,1634417447
152,Grand-Santi,GF,4.25,-54.3833,42,41,90.37,4.23,1008,2021-10-16,1634417447
153,Korla,CN,41.7597,86.1469,8,38,48.67,0.34,1022,2021-10-16,1634417447
154,Iqaluit,CA,63.7506,-68.5145,1,74,33.53,3.0,1023,2021-10-16,1634417448
155,Imbituba,BR,-28.24,-48.6703,97,88,69.69,11.27,1018,2021-10-16,1634417448
156,Bilibino,RU,68.0546,166.4372,25,99,-11.43,5.03,1022,2021-10-16,1634417448
157,Tornio,FI,65.8481,24.1466,100,97,35.62,14.45,985,2021-10-16,1634417449
158,Adrar,MR,20.5022,-10.0711,4,13,85.98,8.81,1013,2021-10-16,1634417449
159,Japura,ID,-0.3167,102.35,96,97,75.02,2.37,1007,2021-10-16,1634417449
160,Nanortalik,GL,60.1432,-45.2371,95,67,40.12,5.28,1015,2021-10-16,1634417450
161,Shenjiamen,CN,29.9576,122.298,100,68,63.55,27.78,1027,2021-10-16,1634417450
162,Hegang,CN,47.4,130.3667,0,48,23.85,10.69,1020,2021-10-16,1634417450
163,Cockburn Town,TC,21.4612,-71.1419,40,70,84.16,5.75,1012,2021-10-16,1634417451
164,Bredasdorp,ZA,-34.5322,20.0403,100,66,51.28,10.36,1022,2021-10-16,1634417451
165,Baní,DO,18.2833,-70.3333,85,75,90.84,4.97,1011,2021-10-16,1634417451
166,Kutum,SD,14.2,24.6667,3,20,79.56,7.74,1011,2021-10-16,1634417452
167,Atambua,ID,-9.1061,124.8925,6,86,75.2,1.34,1010,2021-10-16,1634417452
168,Davila,PH,18.4726,120.5763,68,82,79.61,15.1,1011,2021-10-16,1634417452
169,Qaanaaq,GL,77.484,-69.3632,100,83,20.84,9.91,1031,2021-10-16,1634417452
170,Harper,LR,4.375,-7.7169,21,84,78.82,6.55,1012,2021-10-16,1634417453
171,Namatanai,PG,-3.6667,152.4333,31,73,82.83,9.86,1012,2021-10-16,1634417453
172,Tuatapere,NZ,-46.1333,167.6833,75,72,54.88,5.79,995,2021-10-16,1634417453
173,Bilma,NE,18.6853,12.9164,99,32,86.05,5.08,1013,2021-10-16,1634417454
174,Conde,BR,-7.2597,-34.9075,90,94,76.46,11.5,1013,2021-10-16,1634417454
175,Samokov,BG,42.3333,23.55,100,96,45.75,2.1,1019,2021-10-16,1634417454
176,Alofi,NU,-19.0595,-169.9187,38,71,77.88,12.53,1018,2021-10-16,1634417455
177,Santa Cruz de la Sierra,BO,-17.8,-63.1667,75,46,75.25,8.05,1014,2021-10-16,1634417417
178,Bluff,NZ,-46.6,168.3333,87,63,54.84,12.1,995,2021-10-16,1634417455
179,Peleduy,RU,59.6289,112.7406,100,97,30.49,5.55,1017,2021-10-16,1634417456
180,Kamennogorsk,RU,60.9545,29.1339,85,76,41.85,11.83,996,2021-10-16,1634417456
181,Carballo,ES,43.213,-8.691,100,88,64.54,8.97,1015,2021-10-16,1634417456
182,Perelyub,RU,51.8667,50.3667,34,59,45.09,5.91,1021,2021-10-16,1634417457
183,Vigrestad,NO,58.5667,5.7,85,75,46.99,12.33,1012,2021-10-16,1634417457
184,Kiunga,PG,-6.1219,141.2906,100,99,73.74,1.21,1011,2021-10-16,1634417457
185,Zelenogorsk,RU,56.1147,94.5861,13,69,31.08,1.19,1030,2021-10-16,1634417457
186,Albania,AL,41.0,20.0,95,78,54.79,1.12,1017,2021-10-16,1634417193
187,Quebo,GW,11.3333,-14.9333,3,90,77.18,4.5,1012,2021-10-16,1634417458
188,Santa Cruz del Sur,CU,20.7147,-77.9956,11,72,82.72,3.85,1011,2021-10-16,1634417458
189,Clifton,US,40.8584,-74.1638,75,73,80.64,1.01,1002,2021-10-16,1634417458
190,Sarāhan,IN,31.5167,77.8,0,38,55.15,5.97,1018,2021-10-16,1634417459
191,Road Town,VG,18.4167,-64.6167,20,74,87.84,2.15,1011,2021-10-16,1634417459
192,Pevek,RU,69.7008,170.3133,97,86,8.08,3.33,1019,2021-10-16,1634417459
193,Ribeira Grande,PT,38.5167,-28.7,75,94,70.2,36.82,1004,2021-10-16,1634417460
194,Mandeville,JM,18.0417,-77.5071,88,75,71.65,2.93,1012,2021-10-16,1634417460
195,San Patricio,US,28.017,-97.5169,20,34,78.66,14.79,1023,2021-10-16,1634417461
196,Guiglo,CI,6.5456,-7.4966,14,96,72.12,3.67,1013,2021-10-16,1634417461
197,Sangar,RU,63.9242,127.4739,94,92,9.19,3.13,1020,2021-10-16,1634417462
198,Funadhoo,MV,6.15,73.2667,100,78,81.93,23.42,1006,2021-10-16,1634417462
199,Langham,CA,52.3668,-106.9679,19,26,62.02,5.57,1011,2021-10-16,1634417463
200,Tibati,CM,6.4667,12.6333,100,96,67.87,3.11,1013,2021-10-16,1634417463
201,Constitución,CL,-35.3333,-72.4167,72,68,57.45,18.43,1022,2021-10-16,1634417463
202,Kuminskiy,RU,58.6667,66.5667,99,79,40.64,5.68,1018,2021-10-16,1634417464
203,São Filipe,CV,14.8961,-24.4956,100,77,79.47,10.89,1013,2021-10-16,1634417464
204,Yangi Marg`ilon,UZ,40.4272,71.7189,12,61,51.22,6.91,1019,2021-10-16,1634417464
205,Ixtapa,MX,20.7,-105.2,21,72,88.23,3.0,1009,2021-10-16,1634417465
206,Kandrian,PG,-6.2167,149.55,100,87,79.0,4.76,1012,2021-10-16,1634417465
207,Benguela,AO,-12.5763,13.4055,88,77,72.52,2.62,1013,2021-10-16,1634417465
208,Boyolangu,ID,-8.1181,111.8935,78,92,75.42,3.51,1010,2021-10-16,1634417465
209,Tateyama,JP,34.9833,139.8667,14,84,71.1,17.34,1007,2021-10-16,1634417466
210,Narwar,IN,25.65,77.9,16,55,75.61,3.74,1005,2021-10-16,1634417466
211,Nemuro,JP,43.3236,145.575,100,82,49.26,25.01,1004,2021-10-16,1634417466
212,Acarí,PE,-15.4311,-74.6158,100,63,72.18,9.26,1015,2021-10-16,1634417467
213,Havøysund,NO,70.9963,24.6622,100,75,38.28,26.46,993,2021-10-16,1634417467
214,Yelan',RU,50.949,43.7378,100,54,49.73,5.03,1019,2021-10-16,1634417467
215,Aasiaat,GL,68.7098,-52.8699,3,66,18.21,12.91,1025,2021-10-16,1634417468
216,Sofia,BG,42.6975,23.3242,90,91,50.34,7.0,1019,2021-10-16,1634417244
217,Thompson,CA,55.7435,-97.8558,20,66,48.36,11.5,1006,2021-10-16,1634417468
218,Yar-Sale,RU,66.8333,70.8333,100,92,39.4,15.35,1004,2021-10-16,1634417469
219,Novikovo,RU,51.1537,37.8879,100,50,51.62,3.49,1018,2021-10-16,1634417469
220,Mineros,BO,-17.1167,-63.2333,100,50,74.79,5.66,1014,2021-10-16,1634417469
221,Port Hedland,AU,-20.3167,118.5667,40,83,73.45,9.22,1008,2021-10-16,1634417470
222,Emba,KZ,48.8264,58.1442,97,41,50.13,5.61,1025,2021-10-16,1634417470
223,Viedma,AR,-40.8135,-62.9967,7,32,62.17,14.85,1014,2021-10-16,1634417470
224,Quatre Cocos,MU,-20.2078,57.7625,16,71,73.51,14.54,1019,2021-10-16,1634417470
225,Deputatsky,RU,69.3,139.9,100,100,-8.34,1.86,1025,2021-10-16,1634417471
226,Mossamedes,AO,-15.1961,12.1522,17,86,63.68,3.27,1012,2021-10-16,1634417471
227,Vila Velha,BR,-20.3297,-40.2925,40,83,78.75,19.57,1013,2021-10-16,1634417191
228,Pangnirtung,CA,66.1451,-65.7125,0,62,30.2,5.41,1027,2021-10-16,1634417472
229,Torbay,CA,47.6666,-52.7314,90,95,45.57,19.57,1006,2021-10-16,1634417472
230,Níjar,ES,36.9665,-2.206,0,83,65.84,8.05,1017,2021-10-16,1634417472
231,Kuril'sk,RU,45.2333,147.8833,100,92,51.67,20.92,1002,2021-10-16,1634417472
232,Ilulissat,GL,69.2167,-51.1,6,36,24.82,4.61,1024,2021-10-16,1634417398
233,Santiago del Estero,AR,-27.7951,-64.2615,1,23,74.8,6.22,1015,2021-10-16,1634417473
234,Tsiroanomandidy,MG,-18.7667,46.0333,52,50,71.31,8.3,1015,2021-10-16,1634417473
235,San José de Río Tinto,HN,14.9333,-85.7,75,80,96.37,3.53,1011,2021-10-16,1634417474
236,Shimoda,JP,34.6667,138.95,60,86,70.11,14.25,1007,2021-10-16,1634417474
237,Bambous Virieux,MU,-20.3428,57.7575,40,68,73.65,13.8,1020,2021-10-16,1634417474
238,Margate,GB,51.3813,1.3862,100,82,56.91,12.8,1020,2021-10-16,1634417475
239,Bethel,US,41.3712,-73.414,19,77,74.48,1.01,1001,2021-10-16,1634417475
240,Kaitangata,NZ,-46.2817,169.8464,62,53,57.97,6.8,997,2021-10-16,1634417475
241,Shingū,JP,33.7333,135.9833,100,70,64.85,7.92,1011,2021-10-16,1634417475
242,Raudeberg,NO,61.9875,5.1352,87,56,39.87,7.02,1011,2021-10-16,1634417476
243,Rumphi,MW,-11.0186,33.8575,85,45,76.26,4.38,1010,2021-10-16,1634417476
244,Alexandria,EG,31.2156,29.9553,0,69,75.16,10.36,1017,2021-10-16,1634417368
245,Tautira,PF,-17.7333,-149.15,19,78,87.82,22.15,1018,2021-10-16,1634417476
246,Flinders,AU,-34.5833,150.8552,0,71,59.05,1.99,1008,2021-10-16,1634417477
247,Maragogi,BR,-9.0122,-35.2225,33,84,77.38,10.49,1014,2021-10-16,1634417477
248,Lucea,JM,18.451,-78.1736,63,68,87.85,3.78,1011,2021-10-16,1634417477
249,Gornopravdinsk,RU,60.05,69.9,100,89,44.4,7.29,1017,2021-10-16,1634417478
250,Mount Isa,AU,-20.7333,139.5,0,47,56.97,0.0,1013,2021-10-16,1634417478
251,Angleton,US,29.1694,-95.4319,1,39,76.17,14.97,1023,2021-10-16,1634417479
252,Lüderitz,NA,-26.6481,15.1594,37,60,56.28,26.04,1018,2021-10-16,1634417479
253,Kalmunai,LK,7.4167,81.8167,98,67,80.56,6.15,1004,2021-10-16,1634417479
254,Aitape,PG,-3.1374,142.3475,99,85,79.14,4.63,1012,2021-10-16,1634417480
255,Ulverstone,AU,-41.15,146.1667,100,60,56.19,1.01,1017,2021-10-16,1634417480
256,Babu,CN,24.4167,111.5167,50,87,57.09,6.93,1024,2021-10-16,1634417480
257,Pankrushikha,RU,53.8319,80.3406,49,70,36.32,3.74,1025,2021-10-16,1634417481
258,Evanston,US,42.0411,-87.6901,20,39,61.14,5.99,1016,2021-10-16,1634417481
259,Crotone,IT,39.0851,17.1178,100,65,51.93,7.27,1017,2021-10-16,1634417481
260,Cauquenes,CL,-35.9671,-72.3225,100,46,63.43,11.48,1022,2021-10-16,1634417276
261,Maţāy,EG,28.419,30.7792,83,32,79.9,12.73,1016,2021-10-16,1634417481
262,Weligama,LK,5.9667,80.4167,91,86,78.6,14.79,1006,2021-10-16,1634417482
263,Inhambane,MZ,-23.865,35.3833,0,87,76.46,14.25,1008,2021-10-16,1634417482
264,Porto Franco,BR,-6.3383,-47.3992,100,38,88.63,2.51,1007,2021-10-16,1634417482
265,Uvalde,US,29.3669,-99.767,97,10,75.31,7.74,1024,2021-10-16,1634417483
266,Caucaia,BR,-3.7361,-38.6531,0,74,84.15,11.5,1010,2021-10-16,1634417242
267,Matane,CA,48.8286,-67.522,100,1,56.95,16.91,1007,2021-10-16,1634417483
268,Ban Tak,TH,17.0432,99.0813,100,98,73.38,2.44,1010,2021-10-16,1634417483
269,Kiryat Gat,IL,31.61,34.7642,94,52,72.39,1.83,1016,2021-10-16,1634417484
270,Lázaro Cárdenas,MX,17.9583,-102.2,11,72,85.84,7.61,1010,2021-10-16,1634417484
271,El Estor,GT,15.5333,-89.35,49,55,94.73,2.06,1011,2021-10-16,1634417485
272,Totness,SR,5.8833,-56.3167,32,80,82.8,11.3,1009,2021-10-16,1634417506
273,Lamar,US,33.6668,-95.5836,1,27,71.76,13.8,1026,2021-10-16,1634417506
274,Airai,TL,-8.9266,125.4092,5,87,61.95,1.66,1012,2021-10-16,1634417507
275,Pierre,US,44.3683,-100.351,1,33,67.86,8.99,1020,2021-10-16,1634417251
276,Fortuna,US,40.5982,-124.1573,1,55,78.42,4.0,1014,2021-10-16,1634417507
277,Thinadhoo,MV,0.5333,72.9333,100,73,82.9,20.18,1007,2021-10-16,1634417507
278,Fairbanks,US,64.8378,-147.7164,90,88,28.6,0.0,1014,2021-10-16,1634417491
279,Bathsheba,BB,13.2167,-59.5167,20,74,86.61,8.05,1011,2021-10-16,1634417508
280,Shellbrook,CA,53.2168,-106.4011,37,28,60.03,2.28,1011,2021-10-16,1634417508
281,Henties Bay,NA,-22.116,14.2845,0,85,55.85,12.95,1017,2021-10-16,1634417508
282,Severo-Kuril'sk,RU,50.6789,156.125,100,59,39.54,3.83,1014,2021-10-16,1634417509
283,Portland,US,45.5234,-122.6762,40,67,69.46,1.99,1016,2021-10-16,1634417280
284,Vestmannaeyjar,IS,63.4427,-20.2734,100,80,40.96,23.94,1013,2021-10-16,1634417509
285,Angoche,MZ,-16.2325,39.9086,0,80,76.46,15.3,1011,2021-10-16,1634417509
286,Egvekinot,RU,66.3167,-179.1667,47,85,15.78,13.24,1011,2021-10-16,1634417510
287,Abu Samrah,SY,35.3029,37.1841,33,60,66.87,9.4,1014,2021-10-16,1634417510
288,Gladstone,AU,-23.85,151.25,0,77,65.79,5.75,1014,2021-10-16,1634417510
289,Todos Santos,MX,23.45,-110.2167,85,66,91.11,5.44,1013,2021-10-16,1634417511
290,Limbang,MY,4.75,115.0,100,92,77.31,1.88,1008,2021-10-16,1634417511
291,Bonavista,CA,48.6499,-53.1147,100,95,45.12,30.31,1010,2021-10-16,1634417511
292,Yulara,AU,-25.2406,130.9889,51,21,71.44,12.66,1011,2021-10-16,1634417512
293,Manavgat,TR,36.7867,31.4431,39,74,72.01,6.51,1015,2021-10-16,1634417512
294,Carnarvon,AU,-24.8667,113.6333,75,77,64.47,9.22,1011,2021-10-16,1634417512
295,Aykino,RU,62.2248,49.9922,100,93,42.49,11.05,1002,2021-10-16,1634417513
296,Port Shepstone,ZA,-30.7414,30.455,94,78,63.05,12.93,1018,2021-10-16,1634417513
297,Isla Vista,US,34.4133,-119.861,1,14,89.08,4.61,1014,2021-10-16,1634417513
298,Saint Lawrence,MT,36.0553,14.204,98,74,65.86,10.49,1018,2021-10-16,1634417514
299,Batagay-Alyta,RU,67.8006,130.4114,40,89,-3.91,3.87,1024,2021-10-16,1634417514
300,Arrondissement de Toul,FR,48.6667,5.9167,40,97,45.72,4.61,1019,2021-10-16,1634417514
301,Lorengau,PG,-2.0226,147.2712,96,73,83.21,11.43,1011,2021-10-16,1634417515
302,Morón,AR,-34.6534,-58.6198,1,39,69.8,5.01,1019,2021-10-16,1634417234
303,Vågåmo,NO,61.8751,9.0967,90,92,32.99,4.32,1010,2021-10-16,1634417515
304,Victor Harbor,AU,-35.5667,138.6167,7,92,51.91,4.38,1012,2021-10-16,1634417515
305,Atbasar,KZ,51.8,68.3333,100,61,44.51,4.85,1026,2021-10-16,1634417516
306,Katsuura,JP,35.1333,140.3,19,85,71.19,16.17,1007,2021-10-16,1634417516
307,Ishigaki,JP,24.3448,124.1572,80,82,77.45,40.15,1016,2021-10-16,1634417516
308,Pacific Grove,US,36.6177,-121.9166,1,7,92.57,9.22,1015,2021-10-16,1634417517
309,Leningradskiy,RU,69.3833,178.4167,100,95,12.94,5.01,1018,2021-10-16,1634417517
310,Abhā,SA,18.2164,42.5053,0,14,66.02,8.05,1025,2021-10-16,1634417517
311,Baruun-Urt,MN,46.6806,113.2792,11,50,25.81,10.31,1028,2021-10-16,1634417518
312,Seoul,KR,37.5683,126.9778,0,45,37.0,11.5,1030,2021-10-16,1634417261
313,Manta,EC,-0.95,-80.7333,40,74,80.38,12.66,1010,2021-10-16,1634417518
314,Port Moresby,PG,-9.4431,147.1797,40,94,76.42,5.75,1009,2021-10-16,1634417518
315,Iskateley,RU,67.6803,53.1512,100,95,35.73,12.53,997,2021-10-16,1634417518
316,Karratha,AU,-20.7377,116.8463,14,67,70.93,10.67,1010,2021-10-16,1634417519
317,Chorozinho,BR,-4.3003,-38.4978,34,68,83.88,8.93,1011,2021-10-16,1634417519
318,Kargasok,RU,59.0556,80.8572,6,91,36.34,6.35,1025,2021-10-16,1634417519
319,Neverkino,RU,52.7854,46.7417,100,57,43.03,5.82,1020,2021-10-16,1634417520
320,Tvrdošín,SK,49.337,19.556,15,95,42.69,1.48,1024,2021-10-16,1634417520
321,Marawi,PH,7.9986,124.2928,69,95,66.65,1.81,1012,2021-10-16,1634417521
322,Kudahuvadhoo,MV,2.6708,72.8944,99,77,82.33,23.87,1007,2021-10-16,1634417521
323,Barra do Garças,BR,-15.89,-52.2567,20,40,91.98,5.75,1012,2021-10-16,1634417521
324,Walvis Bay,NA,-22.9575,14.5053,0,67,56.35,8.05,1016,2021-10-16,1634417522
325,Sterling,US,39.0062,-77.4286,90,96,64.54,5.99,1008,2021-10-16,1634417522
326,Uspenka,UA,48.3903,39.1619,100,56,52.29,4.56,1016,2021-10-16,1634417523
327,Saint George,US,37.1041,-113.5841,1,18,79.27,1.99,1022,2021-10-16,1634417523
328,Birjand,IR,32.8663,59.2211,0,13,46.87,4.61,1018,2021-10-16,1634417230
329,Marystown,CA,47.1666,-55.1483,87,100,48.85,8.99,1008,2021-10-16,1634417523
330,Nishihara,JP,26.1842,127.7558,90,94,74.48,18.41,1015,2021-10-16,1634417524
331,Alugan,PH,12.2188,125.4808,41,91,77.67,4.99,1010,2021-10-16,1634417524
332,Rome,US,43.2128,-75.4557,90,94,60.96,14.97,1002,2021-10-16,1634417438
333,Baghlan,AF,36.1307,68.7083,5,23,52.38,1.54,1018,2021-10-16,1634417524
334,Noumea,NC,-22.2763,166.4572,54,99,77.0,1.1,1015,2021-10-16,1634417454
335,Natal,BR,-5.795,-35.2094,75,74,83.05,16.11,1011,2021-10-16,1634417419
336,San Cristobal,VE,7.7669,-72.225,100,57,78.98,3.13,1010,2021-10-16,1634417525
337,Jutogh,IN,31.1,77.1167,0,45,56.48,6.89,1011,2021-10-16,1634417525
338,Hambantota,LK,6.1241,81.1185,70,80,79.75,19.77,1006,2021-10-16,1634417525
339,Hohhot,CN,40.8106,111.6522,0,68,21.49,2.24,1033,2021-10-16,1634417526
340,Tadine,NC,-21.55,167.8833,100,83,76.23,6.85,1016,2021-10-16,1634417526
341,Cocorit,MX,27.5833,-109.9667,5,16,95.81,5.66,1010,2021-10-16,1634417526
342,Terenos,BR,-20.4422,-54.8603,75,78,74.91,8.05,1015,2021-10-16,1634417527
343,Zapolyarnyy,RU,69.4154,30.8136,100,98,38.48,9.8,985,2021-10-16,1634417527
344,Say,NE,13.1007,2.3689,5,16,93.76,3.42,1009,2021-10-16,1634417527
345,Tekkali,IN,18.6167,84.2333,99,88,77.9,2.59,1003,2021-10-16,1634417528
346,Mocuba,MZ,-16.8392,36.9856,13,41,85.39,10.54,1008,2021-10-16,1634417528
347,Staffanstorp,SE,55.6428,13.2064,40,79,48.83,1.99,1014,2021-10-16,1634417528
348,Geraldton,AU,-28.7667,114.6,90,87,52.21,9.22,1010,2021-10-16,1634417529
349,Srednekolymsk,RU,67.45,153.6833,94,99,2.93,6.02,1022,2021-10-16,1634417529
350,Wenling,CN,28.3669,121.36,99,72,57.9,20.09,1027,2021-10-16,1634417529
351,Baykit,RU,61.67,96.37,100,95,28.51,0.94,1029,2021-10-16,1634417530
352,São Francisco de Assis,BR,-29.5503,-55.1311,100,83,61.74,7.72,1019,2021-10-16,1634417530
353,Gouré,NE,13.9835,10.2704,81,60,78.94,11.77,1012,2021-10-16,1634417530
354,Boende,CD,-0.2167,20.8667,59,84,72.95,2.19,1010,2021-10-16,1634417531
355,Fritzlar,DE,51.1333,9.2833,87,93,46.27,1.14,1021,2021-10-16,1634417531
356,Bahía Blanca,AR,-38.7196,-62.2724,6,19,74.75,15.03,1013,2021-10-16,1634417504
357,Terney,RU,45.0503,136.6092,25,64,28.6,13.11,1015,2021-10-16,1634417531
358,Aykhal,RU,66.0,111.5,90,99,6.26,4.21,1024,2021-10-16,1634417532
359,Sistranda,NO,63.7256,8.834,69,54,45.9,27.2,1006,2021-10-16,1634417532
360,Tahoua,NE,14.8888,5.2692,12,37,87.91,18.81,1010,2021-10-16,1634417532
361,Borzna,UA,51.2546,32.4269,64,90,43.21,4.68,1019,2021-10-16,1634417533
362,Poum,NC,-20.2333,164.0167,35,79,75.92,6.51,1015,2021-10-16,1634417533
363,Kawalu,ID,-7.3817,108.2082,100,93,73.22,1.25,1010,2021-10-16,1634417533
364,Along,IN,28.1667,94.7667,98,82,74.3,2.1,1011,2021-10-16,1634417534
365,Cartagena,CO,10.3997,-75.5144,75,74,83.82,11.5,1008,2021-10-16,1634417473
366,Borova,UA,50.1763,30.1043,48,92,46.54,5.57,1020,2021-10-16,1634417534
367,Maniitsoq,GL,65.4167,-52.9,1,54,35.92,7.49,1016,2021-10-16,1634417534
368,Petatlán,MX,17.5167,-101.2667,99,67,87.39,5.99,1010,2021-10-16,1634417534
369,Port-Gentil,GA,-0.7193,8.7815,40,83,78.76,10.36,1011,2021-10-16,1634417535
370,Los Llanos de Aridane,ES,28.6585,-17.9182,0,60,74.12,6.91,1016,2021-10-16,1634417535
371,Seydi,TM,39.4816,62.9137,0,26,53.51,9.24,1018,2021-10-16,1634417535
372,San Rafael,AR,-34.6177,-68.3301,0,10,75.61,17.47,1011,2021-10-16,1634417250
373,Qeshm,IR,26.9581,56.2719,0,60,80.49,7.34,1007,2021-10-16,1634417536
374,Port Blair,IN,11.6667,92.75,96,87,79.97,14.12,1006,2021-10-16,1634417536
375,Gamboula,CF,4.1178,15.1393,100,98,69.28,3.04,1013,2021-10-16,1634417536
376,Pāli,IN,25.7667,73.3333,1,29,77.02,3.2,1005,2021-10-16,1634417537
377,Ulaanbaatar,MN,47.9077,106.8832,0,78,8.73,0.0,1025,2021-10-16,1634417537
378,Guerrero Negro,MX,27.9769,-114.0611,0,21,85.95,5.75,1012,2021-10-16,1634417537
379,Kulachi,PK,31.9286,70.4592,0,14,80.01,6.87,1006,2021-10-16,1634417538
380,Severnoye,RU,56.3491,78.3619,0,89,37.18,3.65,1026,2021-10-16,1634417538
381,Noyabrsk,RU,63.1994,75.4507,100,86,42.53,17.67,1015,2021-10-16,1634417538
382,Gizo Government Station,SB,-8.103,156.8419,54,73,83.17,5.95,1012,2021-10-16,1634417539
383,San Ramon,US,37.7799,-121.978,1,25,88.92,1.01,1013,2021-10-16,1634417526
384,Lakes Entrance,AU,-37.8811,147.981,100,65,54.16,9.64,1014,2021-10-16,1634417539
385,Porto-Novo,BJ,6.4965,2.6036,4,84,76.82,6.58,1011,2021-10-16,1634417472
386,La Ronge,CA,55.1001,-105.2842,75,43,53.85,8.05,1012,2021-10-16,1634417539
387,Mitsamiouli,KM,-11.3847,43.2844,0,77,76.6,13.44,1013,2021-10-16,1634417540
388,Tamiahua,MX,21.2667,-97.45,96,86,76.96,23.73,1018,2021-10-16,1634417540
389,Roald,NO,62.5833,6.1333,40,65,41.16,10.36,1010,2021-10-16,1634417540
390,Ţahţā,EG,26.7693,31.5021,0,20,81.97,8.03,1015,2021-10-16,1634417541
391,Aklavik,CA,68.2191,-135.0107,75,93,23.83,3.44,1015,2021-10-16,1634417541
392,Dawson,US,31.7735,-84.4466,8,40,81.82,15.1,1014,2021-10-16,1634417321
393,Asău,RO,46.4333,26.4,100,83,50.76,3.29,1019,2021-10-16,1634417542
394,Benghazi,LY,32.1167,20.0667,82,59,71.17,12.37,1020,2021-10-16,1634417542
395,Jiexiu,CN,37.0244,111.9125,0,59,43.29,0.13,1033,2021-10-16,1634417542
396,Lábrea,BR,-7.2586,-64.7981,94,43,91.11,3.2,1004,2021-10-16,1634417543
397,Tasiilaq,GL,65.6145,-37.6368,99,71,22.53,5.86,1027,2021-10-16,1634417543
398,Dumas,US,35.8656,-101.9732,1,24,70.11,11.5,1027,2021-10-16,1634417543
399,Saint-Leu,RE,-21.15,55.2833,12,86,72.43,3.24,1019,2021-10-16,1634417544
400,Barra de Tecoanapa,MX,16.5167,-98.75,17,70,85.53,8.34,1010,2021-10-16,1634417544
401,Cap Malheureux,MU,-19.9842,57.6142,33,76,73.89,8.01,1019,2021-10-16,1634417544
402,Srikakulam,IN,18.3,83.9,100,90,78.01,2.82,1003,2021-10-16,1634417545
403,Bend,US,44.0582,-121.3153,1,18,77.25,1.99,1016,2021-10-16,1634417545
404,Phrae,TH,18.0833,100.0,100,99,73.85,2.82,1011,2021-10-16,1634417546
405,La Tuque,CA,47.4334,-72.7824,100,96,60.82,15.32,994,2021-10-16,1634417546
406,Lamu,KE,-2.2717,40.902,0,81,77.22,13.38,1010,2021-10-16,1634417546
407,Boddam,GB,57.4667,-1.7833,100,62,46.11,7.96,1015,2021-10-16,1634417546
408,Sioux Lookout,CA,50.1001,-91.917,40,50,53.67,13.8,1009,2021-10-16,1634417547
409,Santa Isabel Rio Negro,BR,-0.4139,-65.0192,97,40,93.9,3.8,1006,2021-10-16,1634417547
410,Waipawa,NZ,-41.4122,175.5153,100,62,56.44,11.81,1013,2021-10-16,1634417547
411,Richards Bay,ZA,-28.783,32.0377,100,84,66.47,12.48,1016,2021-10-16,1634417338
412,Blyth,GB,55.1271,-1.5086,100,93,53.29,2.95,1010,2021-10-16,1634417548
413,Witu,KE,-2.3889,40.4382,1,83,77.16,9.35,1010,2021-10-16,1634417548
414,Vardø,NO,70.3705,31.1107,100,94,41.61,18.79,987,2021-10-16,1634417548
415,Bismil,TR,37.8486,40.6658,0,24,64.13,3.76,1011,2021-10-16,1634417549
416,Arman',RU,59.7,150.1667,11,58,15.01,9.17,1014,2021-10-16,1634417549
417,Mahabalipuram,IN,12.6264,80.1722,100,85,82.45,13.73,1001,2021-10-16,1634417549
418,Omsukchan,RU,62.5333,155.8,100,95,1.74,4.5,1019,2021-10-16,1634417550
419,Tucumcari,US,35.1717,-103.725,1,22,68.94,12.66,1027,2021-10-16,1634417516
420,Belmonte,BR,-15.8631,-38.8828,43,82,80.6,9.71,1015,2021-10-16,1634417550
421,Shestakovo,RU,56.4915,103.96,100,97,33.49,5.73,1026,2021-10-16,1634417550
422,Vanavara,RU,60.34,102.2797,11,96,24.46,3.15,1028,2021-10-16,1634417551
423,Zhuhai,CN,22.2769,113.5678,40,78,75.06,26.46,1016,2021-10-16,1634417551
424,Ostrovnoy,RU,68.0531,39.5131,100,85,38.23,14.36,988,2021-10-16,1634417551
425,Csurgó,HU,46.2531,17.1006,18,71,49.14,4.34,1022,2021-10-16,1634417552
426,Meulaboh,ID,4.1363,96.1285,100,87,77.49,6.64,1008,2021-10-16,1634417552
427,Ust'-Kut,RU,56.7938,105.7672,90,90,28.9,5.97,1026,2021-10-16,1634417552
428,Quzhou,CN,28.9594,118.8686,100,83,54.39,7.74,1030,2021-10-16,1634417553
429,Altamira,BR,-3.2033,-52.2064,40,55,91.49,3.44,1008,2021-10-16,1634417553
430,Llanes,ES,43.4198,-4.7549,100,74,59.27,1.9,1017,2021-10-16,1634417553
431,Sabang,ID,5.8933,95.3214,100,75,81.57,5.55,1008,2021-10-16,1634417554
432,Chake Chake,TZ,-5.2459,39.7666,7,82,74.82,8.01,1011,2021-10-16,1634417554
433,Pallasovka,RU,50.05,46.8833,96,58,50.59,8.19,1019,2021-10-16,1634417554
434,Oodweyne,SO,9.4092,45.064,24,27,75.76,10.31,1010,2021-10-16,1634417554
435,Mezen',RU,65.8522,44.24,96,83,40.24,11.3,993,2021-10-16,1634417555
436,Huntsville,US,34.7304,-86.5861,1,41,66.56,3.0,1018,2021-10-16,1634417341
437,Powell River,CA,49.8496,-124.5361,90,100,55.99,11.5,1010,2021-10-16,1634417351
438,Rawson,AR,-43.3002,-65.1023,100,41,59.79,10.04,1013,2021-10-16,1634417300
439,Wiwilí,NI,13.6268,-85.8254,95,80,90.34,4.34,1010,2021-10-16,1634417556
440,Kaihua,CN,23.3687,104.28,100,93,50.77,7.87,1024,2021-10-16,1634417556
441,Amahai,ID,-3.3333,128.9167,59,86,78.48,3.98,1009,2021-10-16,1634417556
442,Russell,US,32.3502,-85.1999,1,48,74.35,17.27,1015,2021-10-16,1634417557
443,Kharan,PK,28.5833,65.4167,0,13,64.26,1.88,1010,2021-10-16,1634417557
444,Khor,RU,47.8861,134.9464,66,63,25.27,13.02,1013,2021-10-16,1634417557
445,Talcahuano,CL,-36.7167,-73.1167,0,67,58.68,20.71,1024,2021-10-16,1634417558
446,Tres Arroyos,AR,-38.3739,-60.2798,11,44,65.77,9.48,1016,2021-10-16,1634417558
447,Linfen,CN,36.0889,111.5189,1,56,47.91,2.64,1033,2021-10-16,1634417558
448,Sobradinho,BR,-12.8333,-39.1,97,78,76.19,8.16,1014,2021-10-16,1634417558
449,Asahikawa,JP,43.7678,142.3703,100,98,39.2,5.77,1009,2021-10-16,1634417559
450,Petersburg,US,37.2279,-77.4019,90,85,68.52,9.22,1007,2021-10-16,1634417559
451,Nālūt,LY,30.3333,10.85,72,17,65.71,8.21,1018,2021-10-16,1634417559
452,Teya,RU,60.3778,92.6267,100,99,36.07,3.15,1028,2021-10-16,1634417560
453,Metsavan,AM,41.2016,44.2288,94,89,45.84,1.25,1016,2021-10-16,1634417560
454,Khovd,MN,48.0056,91.6419,2,54,30.85,1.63,1027,2021-10-16,1634417560
455,Olds,CA,51.7834,-114.102,89,29,66.34,10.2,1004,2021-10-16,1634417561
456,Vila Franca do Campo,PT,37.7167,-25.4333,100,94,73.81,22.1,1011,2021-10-16,1634417561
457,Zarubino,RU,42.63,131.0922,0,45,32.63,18.54,1026,2021-10-16,1634417561
458,Virginia Beach,US,36.8529,-75.978,2,57,86.22,5.01,1006,2021-10-16,1634417450
459,Ubari,LY,26.5921,12.7805,0,27,73.24,9.64,1017,2021-10-16,1634417562
460,Mongo,TD,12.1844,18.693,39,67,80.28,2.04,1010,2021-10-16,1634417562
461,Mushie,CD,-3.0167,16.9,25,92,72.41,3.87,1010,2021-10-16,1634417584
462,Constantine,DZ,36.365,6.6147,0,67,58.41,3.44,1020,2021-10-16,1634417584
463,Bud,US,39.447,-86.1758,6,51,60.64,14.05,1018,2021-10-16,1634417584
464,Nouakchott,MR,18.0858,-15.9785,45,27,85.93,2.73,1010,2021-10-16,1634417542
465,Mahon,ES,39.8885,4.2658,0,77,63.16,4.61,1018,2021-10-16,1634417585
466,Arrondissement du Havre,FR,49.5833,0.3333,0,76,55.17,5.75,1020,2021-10-16,1634417585
467,Naze,JP,28.3667,129.4833,89,78,70.75,24.63,1015,2021-10-16,1634417585
468,Juneau,US,58.3019,-134.4197,96,97,42.85,3.09,1010,2021-10-16,1634417586
469,Nizhnyaya Tavda,RU,57.6731,66.1725,98,74,43.45,6.76,1019,2021-10-16,1634417586
470,Mizque,BO,-17.941,-65.3402,100,57,72.0,12.15,1008,2021-10-16,1634417586
471,Tura,IN,25.5198,90.2201,100,88,74.64,2.19,1007,2021-10-16,1634417587
472,Diego de Almagro,CL,-26.3667,-70.05,0,14,71.08,10.38,1015,2021-10-16,1634417288
473,Pokhara,NP,28.2333,83.9833,7,39,69.84,6.78,1011,2021-10-16,1634417371
474,Tokur,RU,53.1333,132.9,92,96,6.71,2.71,1017,2021-10-16,1634417587
475,Noormarkku,FI,61.5927,21.8685,75,61,44.38,16.11,997,2021-10-16,1634417587
476,Black Forest,US,39.0131,-104.7008,1,21,67.96,5.01,1027,2021-10-16,1634417588
477,Onega,RU,63.9061,38.1404,90,73,40.19,15.12,991,2021-10-16,1634417588
478,Manjo,CM,4.8428,9.8217,100,99,70.56,1.28,1015,2021-10-16,1634417588
479,Wad Rāwah,SD,15.1603,33.1397,37,19,89.92,5.61,1007,2021-10-16,1634417589
480,Mildura,AU,-34.2,142.15,68,93,44.56,4.61,1015,2021-10-16,1634417589
481,Tamandaré,BR,-8.7597,-35.1047,26,84,77.32,9.93,1014,2021-10-16,1634417589
482,Buala,SB,-8.145,159.5921,99,72,82.35,4.27,1013,2021-10-16,1634417590
483,Cortes,ES,41.9395,-1.4396,97,44,59.05,3.65,1017,2021-10-16,1634417590
484,Kampong Cham,KH,11.9934,105.4635,100,96,74.39,6.73,1008,2021-10-16,1634417590
485,Anadyr,RU,64.75,177.4833,40,79,25.3,15.01,1006,2021-10-16,1634417293
486,Sittwe,MM,20.15,92.9,100,88,78.21,8.9,1005,2021-10-16,1634417591
487,Sédhiou,SN,12.7081,-15.5569,86,75,79.83,6.49,1012,2021-10-16,1634417591
488,Chapais,CA,49.7834,-74.8492,100,96,53.38,9.51,993,2021-10-16,1634417591
489,Sitka,US,57.0531,-135.33,100,66,45.5,3.27,1008,2021-10-16,1634417592
490,Merauke,ID,-8.4667,140.3333,100,85,78.82,9.82,1011,2021-10-16,1634417592
491,Hobyo,SO,5.3505,48.5268,66,83,78.37,20.22,1008,2021-10-16,1634417592
492,Province of Mantua,IT,45.1667,10.7833,1,81,57.74,1.14,1019,2021-10-16,1634417593
493,Hvolsvollur,IS,63.7533,-20.2243,100,72,35.82,4.9,1014,2021-10-16,1634417593
494,Berlevåg,NO,70.8578,29.0864,100,98,38.89,29.3,990,2021-10-16,1634417593
495,Nabire,ID,-3.3667,135.4833,100,92,75.22,2.98,1011,2021-10-16,1634417594
496,Pisco,PE,-13.7,-76.2167,0,64,69.85,21.85,1013,2021-10-16,1634417594
497,Pokosnoye,RU,55.5258,101.0536,100,81,33.3,5.35,1028,2021-10-16,1634417594
498,Finschhafen,PG,-6.6024,147.8681,95,79,80.35,4.32,1012,2021-10-16,1634417595
499,Sørland,NO,67.667,12.6934,95,76,41.43,14.5,999,2021-10-16,1634417595
500,Esna,EG,25.2934,32.554,0,15,84.22,13.8,1013,2021-10-16,1634417595
501,Zeya,RU,53.75,127.2667,5,56,18.86,3.87,1018,2021-10-16,1634417596
502,Nagato,JP,34.3833,131.2,100,70,64.31,23.51,1018,2021-10-16,1634417596
503,Antofagasta,CL,-23.65,-70.4,10,73,60.08,11.01,1017,2021-10-16,1634417483
504,Sisimiut,GL,66.9395,-53.6735,3,62,28.15,12.28,1021,2021-10-16,1634417596
505,Mīnāb,IR,27.1467,57.0801,0,34,74.7,1.79,1007,2021-10-16,1634417597
506,Chimoio,MZ,-19.1164,33.4833,0,69,76.95,1.57,1014,2021-10-16,1634417597
507,Pergamino,AR,-33.89,-60.5736,0,35,71.26,3.96,1019,2021-10-16,1634417597
508,Sulangan,PH,11.1373,123.7228,23,76,82.27,3.4,1010,2021-10-16,1634417598
509,Taksimo,RU,56.3444,114.8794,100,72,21.43,1.68,1021,2021-10-16,1634417598
510,Orlik,RU,52.5178,99.825,7,60,22.14,1.66,1033,2021-10-16,1634417598
511,Salug,PH,8.1147,122.7833,53,87,78.62,3.8,1010,2021-10-16,1634417599
512,Pundaguitan,PH,6.3711,126.1689,71,76,83.03,6.91,1010,2021-10-16,1634417599
513,Marsh Harbour,BS,26.5412,-77.0636,46,66,81.23,5.26,1011,2021-10-16,1634417532
514,Atar,MR,20.5169,-13.0499,100,14,91.31,7.96,1012,2021-10-16,1634417600
515,Broome,US,42.2506,-75.833,90,86,60.01,4.0,990,2021-10-16,1634417600
516,Nurota,UZ,40.5614,65.6886,0,30,51.89,8.01,1018,2021-10-16,1634417600
517,Westport,US,41.1415,-73.3579,33,72,75.2,1.01,1002,2021-10-16,1634417601
518,Saint-François,FR,46.4154,3.9054,0,100,44.67,2.3,1020,2021-10-16,1634417601
519,Tuy Hoa,VN,13.0833,109.3,100,93,75.65,5.26,1006,2021-10-16,1634417601
520,Maceió,BR,-9.6658,-35.7353,75,83,81.84,6.91,1014,2021-10-16,1634417391
521,Toora-Khem,RU,52.4675,96.11,3,74,21.99,1.14,1033,2021-10-16,1634417602
522,Ust-Kuyga,RU,70.0167,135.6,93,100,-9.62,2.42,1024,2021-10-16,1634417602
523,Paamiut,GL,61.994,-49.6678,0,87,36.9,11.03,1015,2021-10-16,1634417602
524,Nouadhibou,MR,20.931,-17.0347,65,79,71.62,18.57,1012,2021-10-16,1634417602
525,Saint-Junien,FR,45.8833,0.9,9,75,54.18,2.8,1019,2021-10-16,1634417603
526,Santa Helena de Goiás,BR,-17.8136,-50.5969,58,52,85.26,1.39,1010,2021-10-16,1634417603
527,Mitú,CO,1.1983,-70.1733,95,82,79.3,0.83,1007,2021-10-16,1634417603
528,North Myrtle Beach,US,33.816,-78.68,20,79,86.29,1.99,1008,2021-10-16,1634417444
529,Mareeba,AU,-17.0,145.4333,50,94,71.44,1.5,1014,2021-10-16,1634417604
530,Vila,PT,42.0304,-8.1588,100,89,53.74,4.03,1018,2021-10-16,1634417604
531,Pitimbu,BR,-7.4706,-34.8086,23,81,77.59,14.56,1013,2021-10-16,1634417604
532,Kavaratti,IN,10.5669,72.642,100,83,80.55,19.01,1004,2021-10-16,1634417605
533,Mahon,ES,39.8885,4.2658,0,77,63.16,4.61,1018,2021-10-16,1634417605
534,Port Lincoln,AU,-34.7333,135.8667,69,79,54.01,7.45,1014,2021-10-16,1634417605
535,Anaco,VE,9.4389,-64.4728,98,54,86.68,5.86,1008,2021-10-16,1634417606
536,Turaif,SA,31.6725,38.6637,20,26,70.05,8.05,1018,2021-10-16,1634417606
537,Tot'ma,RU,59.9747,42.7642,41,91,38.75,9.4,1005,2021-10-16,1634417606
538,Taitung City,TW,22.7583,121.1444,25,84,75.34,22.48,1017,2021-10-16,1634417607
539,Ardakān,IR,32.31,54.0175,4,21,68.38,2.53,1013,2021-10-16,1634417607
540,San Borja,BO,-14.8167,-66.85,100,61,71.42,5.3,1012,2021-10-16,1634417607
541,Beyneu,KZ,45.3167,55.2,9,47,53.13,11.88,1022,2021-10-16,1634417607
542,Comodoro Rivadavia,AR,-45.8667,-67.5,20,31,60.66,16.11,1011,2021-10-16,1634417608
543,Vega de Alatorre,MX,20.0333,-96.6333,23,73,81.77,19.04,1017,2021-10-16,1634417608
